{
    "variables": {
        "DosesA": 3.7142857142857144,
        "DosesB": 4.714285714285714
    },
    "objective": 82.28571428571428
}