{
    "variables": {
        "NutServings": {
            "0": 28.571428571428573,
            "1": 14.285714285714286
        }
    },
    "objective": 600.0
}