{
    "variables": {
        "NumDoses": {
            "0": 0.0,
            "1": 11.428571428571429
        }
    },
    "objective": 6.857142857142857
}