{
    "variables": {
        "DaysOperated": [
            4.333333333333333,
            0.3333333333333335
        ]
    },
    "objective": 1366.6666666666667
}