{
    "variables": {
        "NumberReactions": {
            "0": 96.2962962962963,
            "1": 74.07407407407406
        }
    },
    "objective": 1555.5555555555557
}