{
    "variables": {
        "QuantityTurkey": 0.0,
        "QuantityTuna": 8.333333333333334
    },
    "objective": 66.66666666666667
}