{
    "variables": {
        "QuantityCrabCake": 13.333333333333332,
        "QuantityLobsterRoll": 1.6666666666666665
    },
    "objective": 63.33333333333333
}