{
    "variables": {
        "AppleServings": 16.666666666666668,
        "CarrotServings": 5.555555555555556
    },
    "objective": 55.55555555555556
}