{
    "variables": {
        "QuantityAlpha": 3.909774436090226,
        "QuantityOmega": 2.1052631578947367
    },
    "objective": 109.77443609022556
}