{
    "variables": {
        "AnxietyUnits": 66.66666666666667,
        "AntidepressantUnits": 33.333333333333336
    },
    "objective": 366.6666666666667
}