{
    "variables": {
        "xOilType": [
            0.0,
            36.51111111111111
        ]
    },
    "objective": 547.6666666666667
}