{
    "variables": {
        "PainkillerPills": 50.0,
        "SleepingPills": 116.66666666666663
    },
    "objective": 733.3333333333331
}