{
    "variables": {
        "Servings": {
            "0": 0.0,
            "1": 6.666666666666667
        }
    },
    "objective": 166.66666666666669
}