{
    "variables": {
        "ProductionQuantity": {
            "0": 0.0,
            "1": 116.66666666666667
        }
    },
    "objective": 291.6666666666667
}