{
    "variables": {
        "ProductionQuantity": {
            "0": 107.14285714285714,
            "1": 321.42857142857144
        },
        "ProductionQuantityBasketballs": 150.0,
        "ProductionQuantityFootballs": 50.0
    },
    "objective": 428.57142857142856
}