{
    "variables": {
        "AcresPotatoes": 16.666666666666668,
        "AcresCucumbers": 33.33333333333333
    },
    "objective": 30000.0
}