{
    "variables": {
        "NumberOfWraps": 535.7142857142857,
        "NumberOfPlatters": 178.57142857142856
    },
    "objective": 6785.714285714285
}