{
    "variables": {
        "PillsSelected": {
            "0": 9.62962962962963,
            "1": 1.8518518518518519
        }
    },
    "objective": 47.77777777777778
}