{
    "variables": {
        "OperatingTime": {
            "0": 15.833333333333334,
            "1": 18.333333333333332
        }
    },
    "objective": 34.166666666666664
}