{
    "variables": {
        "QuantityOfProduct": {
            "0": 333.3333333333333,
            "1": 0.0
        }
    },
    "objective": 133333.3333333333
}