{
    "variables": {
        "NumberOfGummies": 54.54545454545455,
        "NumberOfPills": 18.181818181818187
    },
    "objective": 309.0909090909091
}