{
    "variables": {
        "BatchesProduced": {
            "0": 0.0,
            "1": 1142.857142857143
        }
    },
    "objective": 342857.14285714284
}